﻿{
  "Routes": [
    {
      "DownstreamPathTemplate": "/api/Category",
      "DownstreamScheme": "http",
      "UpstreamPathTemplate": "/Category",
      "ServiceName": "ncore-rat",
      "UpstreamHttpMethod": [ "Get" ],
      "QoSOptions": {
        "ExceptionsAllowedBeforeBreaking": 3,
        "DurationOfBreak": 10000,
        "TimeoutValue": 5000
      },
      "FileCacheOptions": { "TtlSeconds": 15 }
    }
  ],
  "GlobalConfiguration": {
    "RequestIdKey": "OcRequestId",
    "AdministrationPath": "/administration",
    "ServiceDiscoveryProvider": { "Type": "Eureka" }
  }
}
